{
  "markers": [
    {
      "family": "tag36h11",
      "id": 50,
      "size_mm": 210,
      "position_mm": {
        "x": -131.25,
        "y": 0,
        "z": 0
      },
      "orientation_quat": {
        "w": 1,
        "x": 0,
        "y": 0,
        "z": 0
      },
      "object_points": [
        [
          -0.21525,
          0.084,
          0
        ],
        [
          -0.04725,
          0.084,
          0
        ],
        [
          -0.04725,
          -0.084,
          0
        ],
        [
          -0.21525,
          -0.084,
          0
        ]
      ]
    },
    {
      "family": "tag36h11",
      "id": 51,
      "size_mm": 52.5,
      "position_mm": {
        "x": 0,
        "y": 0,
        "z": 0
      },
      "orientation_quat": {
        "w": 1,
        "x": 0,
        "y": 0,
        "z": 0
      },
      "object_points": [
        [
          -0.021,
          0.021,
          0
        ],
        [
          0.021,
          0.021,
          0
        ],
        [
          0.021,
          -0.021,
          0
        ],
        [
          -0.021,
          -0.021,
          0
        ]
      ]
    },
    {
      "family": "tag36h11",
      "id": 52,
      "size_mm": 52.5,
      "position_mm": {
        "x": 0,
        "y": -78.75,
        "z": 0
      },
      "orientation_quat": {
        "w": 1,
        "x": 0,
        "y": 0,
        "z": 0
      },
      "object_points": [
        [
          -0.021,
          -0.05775,
          0
        ],
        [
          0.021,
          -0.05775,
          0
        ],
        [
          0.021,
          -0.09975,
          0
        ],
        [
          -0.021,
          -0.09975,
          0
        ]
      ]
    },
    {
      "family": "tag36h11",
      "id": 53,
      "size_mm": 52.5,
      "position_mm": {
        "x": 0,
        "y": 78.75,
        "z": 0
      },
      "orientation_quat": {
        "w": 1,
        "x": 0,
        "y": 0,
        "z": 0
      },
      "object_points": [
        [
          -0.021,
          0.09975,
          0
        ],
        [
          0.021,
          0.09975,
          0
        ],
        [
          0.021,
          0.05775,
          0
        ],
        [
          -0.021,
          0.05775,
          0
        ]
      ]
    }
  ]
}